,CTYNAME,FULLFP,1970,1971,1972,1973,1974,1975,1976,1977,1978,1979,1980,1981,1982,1983,1984,1985,1986,1987,1988,1989,1990,1991,1992,1993,1994,1995,1996,1997,1998,1999,2000,2001,2002,2003,2004,2005,2006,2007,2008,2009,2010,2011,2012,2013,2014,2015,2016,2017,2018,2019,2020,2021,2022,2023,Area_squaremiles,1970 Population Density,1971 Population Density,1972 Population Density,1973 Population Density,1974 Population Density,1975 Population Density,1976 Population Density,1977 Population Density,1978 Population Density,1979 Population Density,1980 Population Density,1981 Population Density,1982 Population Density,1983 Population Density,1984 Population Density,1985 Population Density,1986 Population Density,1987 Population Density,1988 Population Density,1989 Population Density,1990 Population Density,1991 Population Density,1992 Population Density,1993 Population Density,1994 Population Density,1995 Population Density,1996 Population Density,1997 Population Density,1998 Population Density,1999 Population Density,2000 Population Density,2001 Population Density,2002 Population Density,2003 Population Density,2004 Population Density,2005 Population Density,2006 Population Density,2007 Population Density,2008 Population Density,2009 Population Density,2010 Population Density,2011 Population Density,2012 Population Density,2013 Population Density,2014 Population Density,2015 Population Density,2016 Population Density,2017 Population Density,2018 Population Density,2019 Population Density,2020 Population Density
0,Alameda County,6001,1071446,1084500,1089300,1089300,1092200,1090900,1098100,1103700,1103700,1099300,1108791,1125949,1140263,1160695,1179130,1197407,1215509,1229320,1251097,1271451,1305802,1315144,1328589,1334736,1336359,1340267,1351804,1372202,1397050,1415582,1449840,1469484,1462106,1454163,1445721,1441545,1444484,1455715,1477208,1498539,1512997,1530893,1553729,1579508,1607638,1634326,1650765,1659824,1666596,1668412,1662323,1644047,1628259,1622188,8841,121.19058929985296,122.66711910417374,123.21004411265695,123.21004411265695,123.53806130528221,123.39101911548467,124.20540662820947,124.83881913810654,124.83881913810654,124.34113788033028,125.41465897522905,127.35538966180296,128.9744372808506,131.28548806696074,133.37065942766657,135.43795950684313,137.4854654450854,139.04761904761904,141.5108019454813,143.8130302002036,147.69845040153828,148.75511819929872,150.27587376993552,150.97115710892433,151.15473362741773,151.59676507182445,152.90170795158917,155.20891301888926,158.01945481280399,160.11559778305622,163.99049881235155,166.21241940956907,165.37789842777966,164.47947064811672,163.5246012894469,163.0522565320665,163.3846849903857,164.65501640085964,167.08607623571993,169.49881235154393,171.13414772084604,173.15835312747427,175.7413188553331,178.6571654790182,181.8389322474833,184.85759529464994,186.71700033932814,187.74165818346341,188.5076348829318,188.71304151114128,188.02431851600497
1,Alpine County,6003,484,600,700,700,700,800,800,1000,1000,1200,1100,1132,1148,1120,1093,1157,1200,1143,1163,1162,1106,1158,1147,1185,1184,1227,1239,1212,1192,1161,1209,1196,1237,1233,1263,1219,1276,1274,1202,1197,1161,1093,1111,1131,1083,1080,1053,1116,1081,1113,1119,1229,1190,1141,8000,0.0605,0.075,0.0875,0.0875,0.0875,0.1,0.1,0.125,0.125,0.15,0.1375,0.1415,0.1435,0.14,0.136625,0.144625,0.15,0.142875,0.145375,0.14525,0.13825,0.14475,0.143375,0.148125,0.148,0.153375,0.154875,0.1515,0.149,0.145125,0.151125,0.1495,0.154625,0.154125,0.157875,0.152375,0.1595,0.15925,0.15025,0.149625,0.145125,0.136625,0.138875,0.141375,0.135375,0.135,0.131625,0.1395,0.135125,0.139125,0.139875
2,Amador County,6005,11821,12500,13500,13500,14600,15100,15300,17300,17300,18600,19502,20206,20606,21101,21821,22661,23375,24530,27076,28941,30289,31262,31854,32285,32693,32976,33214,33423,33415,34153,35153,35697,36561,36994,37400,38040,38353,38756,38248,38238,37883,37539,37105,36624,36734,37039,37443,38549,39349,39693,40083,41228,41493,41811,6522,1.8124808340999694,1.916590003066544,2.0699172033118676,2.0699172033118676,2.2385771235817233,2.315240723704385,2.3459061637534497,2.652560564244097,2.652560564244097,2.8518859245630175,2.9901870591842994,3.098129408157007,3.1594602882551364,3.2353572523765717,3.3457528365532045,3.4745476847592762,3.5840233057344375,3.761116222017786,4.151487273842379,4.437442502299908,4.644127568230604,4.793314934069304,4.884084636614536,4.95016865992027,5.012726157620362,5.0561177552897885,5.092609628948176,5.124655013799448,5.123428396197485,5.236583869978534,5.3899110702238575,5.473321067157314,5.605795768169274,5.672186445875498,5.7344372891751,5.832566697332107,5.880558111008893,5.942348972707759,5.864458754983134,5.862925482980681,5.808494326893591,5.755749770009199,5.689205765102729,5.615455381784729,5.632321373811714,5.679086169886538,5.741030358785649,5.910610242256976,6.033272002453235,6.086016559337627,6.145814167433302
3,Butte County,6007,101969,105900,113200,113200,117300,121600,125400,131800,131800,138500,144879,148451,151910,154259,156786,160682,163238,166968,171906,176584,183497,186851,188905,190670,191811,192543,192116,193061,194347,195220,203807,206193,209120,211481,213065,214752,216824,217469,219034,219777,219951,219983,220877,221649,223525,224643,226222,228700,230330,218726,212744,206336,207369,207172,18052,5.648626191003767,5.866385996011522,6.270773321515621,6.270773321515621,6.497894970086417,6.736095723465544,6.946598714823843,7.3011300686904494,7.3011300686904494,7.672280079769554,8.025648127631287,8.223520939508088,8.415134057168181,8.545258143142034,8.685242632395303,8.9010635940616,9.042654553512076,9.249279858187458,9.522822955905163,9.781963217372036,10.164912475072015,10.350709062707732,10.464491469089298,10.562264569022823,10.625470861954355,10.666020385552848,10.64236649678706,10.694715267006426,10.765953910923997,10.814314203412364,11.289995568358076,11.422169288721472,11.584311987591402,11.715100819853756,11.80284732993574,11.896299578994018,12.011079104808331,12.0468092178152,12.133503212940395,12.174662087303346,12.184300908486595,12.186073565255928,12.23559716374917,12.278362508309328,12.382284511411479,12.444216707290051,12.531686239751828,12.668956348327056,12.759251052514957,12.116441391535563,11.785065366718369
4,Calaveras County,6009,13585,13900,14800,14800,15200,15200,15700,18300,18300,19800,20922,21699,22775,23530,24196,24872,25852,27195,28249,30068,32539,34030,35221,35945,37097,37729,38476,39144,39642,40051,40645,41304,42380,43755,44530,45295,46045,46268,46265,45900,45467,45159,44816,44658,44677,44972,45307,45658,45747,46119,46308,46249,46556,46565,11161,1.2171848400680942,1.2454081175521907,1.3260460532210376,1.3260460532210376,1.361885135740525,1.361885135740525,1.4066839888898843,1.6396380252665532,1.6396380252665532,1.7740345847146313,1.8745632111817938,1.9441806289758983,2.0405877609533194,2.108234029208852,2.167906101603799,2.2284741510617327,2.316279903234477,2.4366096227936564,2.531045605232506,2.6940238329898754,2.9154197652540095,3.049009945345399,3.1557208135471733,3.2205895529074455,3.3238061105635697,3.38043186094436,3.447361347549503,3.5072126153570466,3.551832273093809,3.5884777349699846,3.6416987725114236,3.7007436609622792,3.797150792939701,3.920347639100439,3.989785861481946,4.058328106800466,4.125526386524505,4.145506675029119,4.145237881910223,4.112534719111191,4.073738912283845,4.04614281874384,4.01541080548338,4.0012543678881825,4.002956724307857,4.02938804766598,4.059403279276051,4.090852074186901,4.0988262700474865,4.13215661679061,4.149090583281068
5,Colusa County,6011,12430,12400,12200,12200,12400,12600,12800,12700,12700,12900,12871,13185,13872,14110,14156,14706,14934,14972,15494,16006,16340,16596,16882,17056,17331,17679,18033,18425,18596,18844,18817,19022,19232,19568,20207,20540,20890,21075,21134,21250,21435,21315,21274,21239,21156,21208,21476,21558,21389,21474,21558,21919,21909,22037,12447,0.9986342090463566,0.9962239897163975,0.9801558608500041,0.9801558608500041,0.9962239897163975,1.0122921185827911,1.0283602474491846,1.0203261830159878,1.0203261830159878,1.0363943118823813,1.0340644331967543,1.059291395516992,1.1144854181730537,1.133606491524062,1.1373021611633325,1.1814895155459146,1.1998071824536032,1.202860126938218,1.244797943279505,1.2859323531774725,1.3127661283843497,1.3333333333333333,1.3563107576122762,1.3702900297260383,1.3923837069173295,1.4203422511448542,1.4487828392383706,1.480276371816502,1.4940146219972683,1.5139391017915964,1.5117699043946333,1.5282397364826865,1.5451112717923998,1.572105728287941,1.6234434000160682,1.6501968345786133,1.678316060094802,1.693179079296216,1.697919177311802,1.7072386920543103,1.7221017112557242,1.7124608339358882,1.7091668675182774,1.7063549449666586,1.6996866714871053,1.7038643849923676,1.725395677673335,1.7319836105085562,1.7184060416164537,1.725234996384671,1.7319836105085562
6,Contra Costa County,6013,556116,563400,574000,574000,581700,589100,601200,626100,626100,642800,658588,667287,678901,690153,698813,711445,725373,739981,759241,784396,809199,822332,838364,850732,859872,869437,881213,899494,917970,933141,952810,970952,979862,987531,992424,999013,1000834,1009152,1023344,1037890,1052516,1065361,1077439,1093253,1108665,1124148,1137259,1145623,1150840,1152883,1152333,1163941,1157019,1155025,8652,64.2760055478502,65.11789181692095,66.34304207119742,66.34304207119742,67.23300970873787,68.08830328247804,69.4868238557559,72.36477115117891,72.36477115117891,74.29496070272769,76.11974110032362,77.125173370319,78.4675219602404,79.76803051317614,80.76895515487749,82.2289644012945,83.83876560332871,85.52716134997688,87.7532362459547,90.66065649560795,93.52739251040222,95.0453074433657,96.89828941285252,98.32778548312528,99.38418862690708,100.48971336107259,101.85078594544613,103.96370781322237,106.0991678224688,107.85263522884883,110.12598243180767,112.22283865002312,113.25265834489136,114.1390429958391,114.70457697642163,115.4661349976884,115.67660656495607,116.63800277392511,118.27831715210355,119.95954692556634,121.65002311604253,123.13465094775775,124.53062875635692,126.3584142394822,128.13973647711512,129.92926490984743,131.44463707813222,132.41134997688397,133.0143319463708,133.25046232085066,133.1868932038835
7,Del Norte County,6015,14580,15000,15400,15400,15600,16100,16300,17700,17700,17900,18331,18793,18573,18703,18508,18704,19085,19527,20311,21268,23984,25849,26601,26833,27063,26726,26864,27186,27006,26477,27440,27292,27397,27601,27950,28281,28211,28415,28496,28599,28568,28447,28195,27821,27182,27198,27415,27383,27793,27903,27968,27584,27112,26589,13237,1.1014580342978015,1.133187278084158,1.1634056054997355,1.1634056054997355,1.1785147692075244,1.2162876784769963,1.2313968421847852,1.3371609881393065,1.3371609881393065,1.3522701518470952,1.38483039963738,1.4197325678023722,1.4031124877238046,1.4129334441338672,1.398202009518773,1.413008989952406,1.4417919468157439,1.4751831986099568,1.534411120344489,1.6067084686862583,1.8118909118380297,1.95278386341316,2.009594318954446,2.027120948855481,2.0444964871194378,2.019037546271814,2.029462869230188,2.053788622799728,2.040190375462718,2.000226637455617,2.07297726070862,2.061796479564856,2.069728790511445,2.0851401374933896,2.111505628163481,2.1365112940998716,2.1312230868021453,2.14663443378409,2.1527536450857445,2.1605348643952555,2.1581929440205485,2.1490518999773363,2.1300143537055223,2.1017602175719574,2.0534864395255723,2.0546951726221954,2.071088615245146,2.0686711490519,2.099644934652867,2.107954974692151,2.112865452897182
8,El Dorado County,6017,43833,46000,52700,52700,55600,58400,62500,73700,73700,80700,86590,89365,92427,93435,95373,99093,102452,106855,112687,118828,128095,133480,137444,141771,144961,148185,151257,154798,158322,161358,157162,161101,165195,168331,171653,175003,176773,177694,179150,180455,181161,180963,180613,181529,183157,184627,186027,188793,190925,193057,192925,193704,192787,192215,19228,2.2796442687747036,2.3923444976076556,2.7407946744331184,2.7407946744331184,2.8916163927605574,3.037237362180154,3.2504680674017057,3.8329519450800915,3.8329519450800915,4.1970043686290825,4.503328479301019,4.647649261493655,4.8068961930517995,4.859319742042854,4.960110255876846,5.153578115248596,5.328271271063033,5.557260245475349,5.860567921780737,6.179945912211358,6.661899313501144,6.9419596421884755,7.148117328895361,7.373153734137716,7.539057624297899,7.706729769086748,7.866496775535677,8.050655294362388,8.233929685874767,8.391824422716871,8.17360099854379,8.378458498023715,8.591377158310797,8.754472644060744,8.92724152277928,9.101466611192011,9.193519866860829,9.24141876430206,9.31714166840025,9.385011441647597,9.421728728936968,9.411431246099438,9.393228624921989,9.440867484917828,9.525535677137508,9.601986686082796,9.674797170792594,9.818649885583524,9.929529852298732,10.040409819013938,10.033544830455586
9,Fresno County,6019,413329,424700,439900,439900,449900,464200,477200,497600,497600,506300,517717,528885,541498,555866,572084,584064,593612,608823,627652,650754,671660,688511,703846,717746,727869,734615,743479,750640,755051,763069,801288,813021,829762,847193,861035,872470,883862,895933,909630,921478,932011,939251,944779,951143,960072,968889,976231,984726,991298,997847,1000918,1013103,1015359,1017162,64702,6.388195109888412,6.563939290902908,6.798862477203178,6.798862477203178,6.953417205032302,7.17443046582795,7.375351612005812,7.690643256777225,7.690643256777225,7.825105869988563,8.001561002751075,8.17416772279064,8.369107601001515,8.591171833946401,8.841828691539675,9.026985255478966,9.174554109610213,9.409647306111093,9.700658403140553,10.057710735371394,10.380822849370963,10.641263021235819,10.878272696361782,11.093103768044264,11.249559519025688,11.353822138419215,11.49081944916695,11.601496089765385,11.669670180210813,11.793592160984204,12.384284875274334,12.565623937436246,12.824364007294983,13.09376835337393,13.307703007635004,13.484436338907607,13.660505084850545,13.847068096813082,14.058761707520633,14.24187814905258,14.404670643874995,14.516568266823283,14.602006120367221,14.700364749157677,14.838366665636302,14.97463756916324,15.088111650335383,15.219405891626225,15.320979258755525,15.422197150010819,15.469660906927142
10,Glenn County,6021,17521,17400,18300,18300,18500,19200,19700,20000,20000,21000,21503,22048,22344,22878,22836,23171,23216,23319,23847,24426,24916,25199,25509,25642,25783,26008,26111,26214,26176,26328,26416,26450,26651,27016,27122,27393,27652,27775,28019,28100,28125,28131,27836,27784,27802,27723,27796,27876,27899,28445,28283,28718,28360,28129,14283,1.226703073583981,1.218231463978156,1.281243436252888,1.281243436252888,1.295246096758384,1.3442554085276202,1.3792620597913603,1.4002660505496045,1.4002660505496045,1.4702793530770846,1.505496044248407,1.5436532941258838,1.564377231674018,1.6017643352236925,1.5988237765175384,1.6222782328642442,1.6254288314779808,1.6326402016383113,1.669607225372821,1.710144927536232,1.7444514457746971,1.764265210389974,1.785969334173493,1.7952811034096479,1.8051529790660226,1.8209059721347056,1.828117342295036,1.8353287124553666,1.8326682069593223,1.8433102289434993,1.8494713995659176,1.8518518518518519,1.8659245256598753,1.8914793810824058,1.8989007911503186,1.9178743961352658,1.9360078414898831,1.944619477700763,1.9617027235174682,1.9673738010221942,1.9691241335853813,1.969544213400546,1.9488902891549393,1.9452495974235104,1.946509836869005,1.9409787859693342,1.9460897570538402,1.9516908212560387,1.9533011272141707,1.991528390394175,1.980186235384723
11,Humboldt County,6023,99692,100100,104400,104400,105500,104200,105200,107400,107400,107800,108930,110341,109890,109635,110280,111052,111705,112819,114774,117160,119596,120612,121751,122234,121480,122814,122421,122639,122163,121358,126462,127520,128780,129754,130702,131497,132093,132001,132657,133744,135010,135257,134597,134447,134556,135177,136477,136710,136502,135839,134977,134897,134944,133985,43618,2.2855701774496766,2.294924113897932,2.3935072676417994,2.3935072676417994,2.41872621394837,2.388922004676968,2.4118483195011233,2.4622862121142646,2.4622862121142646,2.4714567380439267,2.497363473795222,2.529712504012105,2.519372736026411,2.5135265257462516,2.528313998807832,2.5460131138520796,2.5609839974322526,2.5865239121463617,2.631344857627585,2.6860470447980194,2.741895547709661,2.7651886835710027,2.7913017561557156,2.8023751662157825,2.7850887248383693,2.8156724288137926,2.8066623870878993,2.811660323719565,2.8007473978632675,2.7822917144298227,2.8993076252923107,2.9235636663762667,2.952450823054702,2.9747810536934294,2.9965152001467286,3.014741620431932,3.0284057040671284,3.026296483103306,3.0413361456279517,3.0662570498418082,3.095281764409189,3.100944564170755,3.085813196386813,3.0823742491631894,3.0848732174790223,3.0991104589848226,3.1289146682562246,3.1342564996102524,3.1294878261268284,3.1142876793984136,3.0945251960199918
12,Imperial County,6025,74492,74900,79600,79600,81500,83000,85300,88500,88500,90100,92602,94304,95686,96891,97467,99195,98893,100073,101889,105165,110930,117663,127533,134624,136248,139418,140921,142155,143735,145287,142410,143707,145640,148984,152259,156113,160505,164596,167917,172008,174704,175731,176487,176301,177786,178701,179881,181250,181062,180439,180267,179138,178940,179057,48240,1.544195688225539,1.552653399668325,1.650082918739635,1.650082918739635,1.689469320066335,1.720563847429519,1.7682421227197347,1.8345771144278606,1.8345771144278606,1.8677446102819237,1.9196102819237149,1.9548922056384743,1.9835406301824212,2.0085199004975123,2.020460199004975,2.056281094527363,2.050020729684909,2.07448175787728,2.112126865671642,2.1800373134328357,2.2995439469320065,2.439116915422886,2.6437189054726367,2.7907131011608626,2.8243781094527365,2.8900912106135985,2.921247927031509,2.9468283582089554,2.9795812603648426,3.0117537313432834,2.9521144278606966,2.979000829187396,3.0190713101160864,3.088391376451078,3.156281094527363,3.2361733001658375,3.3272180762852406,3.4120232172470977,3.4808665008291872,3.565671641791045,3.621558872305141,3.6428482587064677,3.6585199004975126,3.654664179104478,3.68544776119403,3.7044154228855724,3.7288764510779435,3.7572553897180763,3.7533582089552238,3.740443615257048,3.736878109452736
13,Inyo County,6027,15571,15800,16300,16300,16700,16900,17000,16500,16500,17700,17906,17955,18408,18421,18202,18084,17860,17797,17947,18317,18273,18321,18374,18346,18450,18420,18338,18273,18071,17958,17955,18117,18394,18593,18578,18478,18370,18426,18318,18544,18503,18385,18344,18348,18280,18097,17897,17819,17894,17993,18046,18924,18742,18527,110081,0.14145038653355257,0.1435306728681607,0.1480727827690519,0.1480727827690519,0.1517064706897648,0.15352331465012128,0.1544317366302995,0.14988962672940834,0.14988962672940834,0.16079069049154712,0.16266203977071428,0.16310716654100163,0.16722231811120902,0.1673404129686322,0.16535096883204187,0.16427903089543155,0.1622441656598323,0.16167185981232002,0.16303449278258736,0.16639565410924684,0.16599594843796842,0.16643199098845396,0.16691345463794843,0.16665909648349853,0.16760385534288388,0.16733132874883042,0.16658642272508425,0.16599594843796842,0.16416093603800838,0.16313441920040697,0.16310716654100163,0.16457881014889036,0.16709513903398407,0.16890289877453876,0.168766635477512,0.1678582134973338,0.16687711775874128,0.1673858340676411,0.16640473832904862,0.1684577720042514,0.16808531899237833,0.16701338105576802,0.16664092804389494,0.1666772649231021,0.16605953797658088,0.16439712575285473,0.16258028179249825,0.16187171264795924,0.1625530291330929,0.16345236689346934,0.16393383054296382
14,Kern County,6029,330234,336200,343000,343000,344800,356900,366900,378000,378000,393200,406458,418874,433696,446961,459408,474245,486211,497911,510974,527927,549219,569829,586745,597880,608858,612897,618020,624577,631615,642495,663803,676574,694059,714272,736296,760726,784511,803281,818327,830137,841365,848651,854392,862727,869837,876548,881094,887316,893618,898898,901362,912709,916751,913820,87862,3.7585531856775396,3.8264551228062187,3.903849218092008,3.903849218092008,3.9243358903735404,4.062051854043841,4.175866700052355,4.302201179121805,4.302201179121805,4.475199745054745,4.626095467892832,4.767407980697002,4.93610434545082,5.087079738681114,5.22874507750791,5.3976121645307416,5.5338030092645285,5.6669663790944895,5.81564271243541,6.008593020873643,6.250927590994969,6.485499988618516,6.678029182126517,6.804762013156997,6.929707951105142,6.975677767407981,7.033985113018142,7.1086135075459245,7.188716396166716,7.312546948623979,7.555063622498919,7.700416562336391,7.899421820582277,8.129475768819285,8.380141585668435,8.658191254467233,8.928899865698481,9.142530331656461,9.313776148960871,9.448191482096925,9.575982791195283,9.658908287997086,9.724249391090574,9.81911406523867,9.900036420750723,9.976417563907036,10.028157792902507,10.098973390089004,10.170699506043569,10.230793744736063,10.258837722792562
15,Kings County,6031,66717,66500,68300,68300,69100,70600,71700,73600,73600,73600,74272,76230,78217,81134,83000,85195,86374,88030,94513,99854,101809,104357,106510,107978,110146,112076,113329,114344,118667,123241,129835,132881,135369,139393,143601,145147,147712,150420,152027,152278,152342,151779,150884,150237,149373,149960,149269,149542,151221,152727,152692,152775,152987,152682,14978,4.4543330217652555,4.439845106155695,4.56002136466818,4.56002136466818,4.613433035118173,4.713579917211911,4.787020964080652,4.9138736813993855,4.9138736813993855,4.9138736813993855,4.9587394845773805,5.089464548003739,5.22212578448391,5.416878087862198,5.541460809186807,5.688009079983977,5.766724529309654,5.87728668714114,6.310121511550274,6.666711176392042,6.797235946054212,6.967352116437442,7.111096274535986,7.2091066898117235,7.3538523167312055,7.482707971691815,7.566364000534117,7.634130057417546,7.922753371611697,8.228134597409534,8.668380291093603,8.871745226331953,9.037855521431434,9.3065162237949,9.587461610361864,9.690679663506476,9.861930831886767,10.042729336359995,10.15002002937642,10.166777940980104,10.171050874616103,10.133462411536922,10.073708105220991,10.03051141674456,9.972826812658566,10.012017625851248,9.965883295500067,9.984110028041126,10.096207771398051,10.196755241020163,10.194418480437976
16,Lake County,6033,19548,20900,23500,23500,24100,25600,27400,32200,32200,34700,36833,38620,39993,41809,43812,45494,46135,47140,47914,48944,51106,52802,53919,54839,55243,55230,55098,54842,55076,55405,58538,60219,61513,62496,63116,63811,64202,64077,64392,64413,64736,64258,63966,63811,64056,64266,63912,64132,64394,64463,64479,68645,68172,67878,14310,1.3660377358490565,1.4605171208944794,1.6422082459818308,1.6422082459818308,1.684136967155835,1.7889587700908456,1.9147449336128581,2.2501747030048915,2.2501747030048915,2.424877707896576,2.5739343116701607,2.6988120195667364,2.7947589098532495,2.9216631726065687,3.0616352201257864,3.179175401816911,3.223969252271139,3.294199860237596,3.3482879105520613,3.420265548567435,3.571348707197764,3.689867225716282,3.767924528301887,3.8322152341020264,3.860447239692523,3.859538784067086,3.850314465408805,3.8324248777078966,3.848777078965758,3.871767994409504,4.090705800139762,4.208176100628931,4.298602375960867,4.367295597484277,4.410621942697414,4.459189378057302,4.486512928022362,4.477777777777778,4.49979035639413,4.50125786163522,4.523829489867226,4.490426275331935,4.470020964360587,4.459189378057302,4.476310272536687,4.490985324947589,4.466247379454926,4.481621243885395,4.499930118798043,4.504751921733054,4.505870020964361
17,Lassen County,6035,16796,17200,17600,17600,18200,18600,18600,20000,20000,21100,21853,22569,23374,23563,23831,24129,24641,26049,26681,27334,27653,28038,27973,28231,28062,28296,31270,33432,33281,33028,33719,33548,33430,33930,34458,34488,34605,35615,35221,35160,34828,34235,33622,32128,31664,31256,30715,30919,30658,30694,30016,31885,30020,28861,50807,0.3305843682957073,0.33853602850000986,0.34640895939535893,0.34640895939535893,0.3582183557383825,0.3660912866337316,0.3660912866337316,0.3936465447674533,0.3936465447674533,0.41529710472966325,0.43011789714015786,0.44421044344283267,0.46005471686972266,0.4637746767177751,0.469049540417659,0.47491487393469406,0.48499222548074084,0.5127049422323695,0.5251441730470211,0.5379967327336784,0.5442753951227193,0.5518530911094928,0.5505737398389986,0.5556517802664988,0.5523254669632137,0.5569311315369929,0.6154663727439132,0.6580195642332749,0.6550475328202807,0.6500679040289724,0.6636683921506878,0.6603027141929262,0.6579801995787982,0.6678213631979846,0.6782136319798453,0.6788041017969965,0.6811069340838861,0.7009860845946425,0.6932312476627236,0.6920306257011829,0.6854960930580432,0.6738244730056882,0.6617592064085658,0.632353809514437,0.623221209675832,0.615190820162576,0.6045426811266165,0.6085578758832444,0.6034207884740291,0.6041293522546106,0.590784734386994
18,Los Angeles County,6037,7041982,7103600,7040400,7040400,7085800,7116800,7211700,7351700,7351700,7401000,7502452,7608792,7767421,7920953,8041681,8182907,8393630,8553846,8667689,8793711,8875317,8931985,9021867,9064197,9048129,9029470,9056547,9126131,9223807,9329989,9538191,9626034,9705913,9767145,9793263,9786373,9737955,9700359,9735147,9787400,9821647,9873700,9931394,9987189,10033449,10077263,10094865,10092365,10061533,10011602,9943046,9809462,9719765,9663345,51139,137.702770879368,138.9076829816774,137.6718355853654,137.6718355853654,138.55961203777937,139.1658030074894,141.0215295566984,143.75916619409844,143.75916619409844,144.72320538141145,146.7070533252508,148.78648389683022,151.88840219793113,154.89065097088329,157.25143237059777,160.01304288312247,164.13363577699994,167.26658714484054,169.49273548563718,171.95703865934024,173.5528070552807,174.6609241479106,176.41852597821622,177.24626997008156,176.93206750229766,176.56719920217446,177.09667768239504,178.4573613093725,180.36737128219167,182.44371223528032,186.51500811513716,188.23273822327383,189.79473591583724,190.99209996284637,191.50282563210075,191.36809480044585,190.42130272394846,189.68612995952208,190.36639355482117,191.38817732063592,192.05786190578618,193.07573476211894,194.20391482039147,195.29496079313245,196.19955415631904,197.0563170965408,197.40051624005162,197.35162987152663,196.7487240657815,195.77234595905279,194.43176440681282
19,Madera County,6039,41519,42800,44500,44500,46100,47900,49700,55700,55700,60200,63986,67214,69240,71499,72994,75112,76970,79009,81766,84800,89014,95042,98751,102681,105181,106535,109751,112440,114523,116760,123587,125581,128369,132738,137106,140313,143622,146067,148359,149234,151006,151685,151520,151295,153357,153448,153694,155079,156373,156717,157761,158966,160329,162858,23178,1.7913107256881526,1.8465786521701613,1.9199240659245838,1.9199240659245838,1.9889550435758045,2.066614893433428,2.144274743291052,2.4031409094831306,2.4031409094831306,2.5972905341271897,2.7606350849943913,2.8999050824057298,2.987315557856588,3.0847786694279056,3.149279489170765,3.2406592458365693,3.3208214686340494,3.4087928207783245,3.5277418241435843,3.658641815514712,3.8404521529036155,4.10052636120459,4.260548796272327,4.430106135128138,4.537967037708172,4.596384502545518,4.735136767624471,4.851151954439555,4.941021658469238,5.037535594097851,5.332082146863405,5.418112002761239,5.538398481318492,5.726896194667357,5.91535076365519,6.053714729484856,6.196479420139788,6.30196738286306,6.400854258348434,6.438605574251445,6.5150573820001725,6.544352403140909,6.537233583570627,6.527526102338425,6.6164897747864355,6.6204159116403485,6.631029424454224,6.690784364483562,6.746613167658987,6.761454827853999,6.806497540771421
20,Marin County,6041,208652,207000,215800,215800,211600,217000,221000,223600,223600,222900,222984,223909,223421,223974,223227,222453,224007,224932,226013,229176,230263,232088,233528,234606,234777,233943,232489,234518,236377,236768,247520,247866,246225,245054,243769,244206,244580,246248,248398,250862,252906,255380,256087,258441,260403,260974,260722,259975,260091,259085,257332,259278,256154,254407,8915,23.40459899046551,23.2192933258553,24.20639371845205,24.20639371845205,23.735277621985418,24.340998317442512,24.789680314077398,25.081323611890074,25.081323611890074,25.002804262478968,25.0122265844083,25.11598429613012,25.061245092540663,25.123275378575435,25.03948401570387,24.95266404935502,25.12697700504767,25.23073471676949,25.351991026360068,25.706786315199103,25.828715647784634,26.033426808749297,26.19495232753786,26.31587212563096,26.3350532809871,26.241503084688727,26.078407178911945,26.30600112170499,26.514526079641055,26.558384744812113,27.764441951766685,27.803252944475602,27.61918115535614,27.48782950084128,27.343690409422322,27.392708917554682,27.434660684240043,27.62176107683679,27.86292765002804,28.13931575995513,28.36859226023556,28.646102075154236,28.725406618059452,28.98945597307908,29.209534492428492,29.273583847448123,29.245316881660123,29.161525518788558,29.17453729669097,29.061693774537297,28.86505888951206
21,Mariposa County,6043,6015,6600,7400,7400,7900,8300,8700,9700,9700,10600,11201,11553,11802,11982,12311,12653,12872,13128,13513,13904,14412,14862,15242,15439,15553,15652,15836,15559,15786,15605,17101,17099,17243,17707,17844,17972,18219,18366,18412,18212,18302,18199,17912,17840,17745,17653,17498,17461,17361,17117,17160,17127,17053,16919,15746,0.3820017782293916,0.4191540708751429,0.46996062492061474,0.46996062492061474,0.5017147211990347,0.5271179982217706,0.5525212752445066,0.6160294678013464,0.6160294678013464,0.6731868411025023,0.711355264829163,0.7337101486091706,0.7495236885558237,0.7609551632160548,0.7818493585672551,0.8035691604216944,0.8174774545916423,0.8337355518861933,0.8581862060205766,0.883017909310301,0.9152800711291756,0.9438587577797536,0.9679918709513528,0.9805029848850502,0.9877429188365299,0.9940302298996571,1.0057157373301155,0.988123967991871,1.0025403277022735,0.9910453448494856,1.086053600914518,1.0859265845294044,1.0950717642575891,1.124539565603963,1.13324018798425,1.1413692366315256,1.1570557601930649,1.1663914644989204,1.169312841356535,1.156611202845167,1.1623269401752827,1.1557855963419281,1.137558745078115,1.1329861552140226,1.1269528769211228,1.1211101232058935,1.1112663533595835,1.1089165502349803,1.1025657309792962,1.0870697319954274,1.0898005842753715
22,Mendocino County,6045,51101,52000,55100,55100,56500,57200,58900,63000,63000,65000,67096,68385,69729,70697,71811,73391,74296,75318,76492,78443,80820,81543,81645,81629,81791,82483,82930,83268,83754,84085,86407,86841,87364,88140,88030,87981,87345,87071,87468,87722,87796,87335,87293,87070,87247,87131,87319,87690,87549,86932,86061,91321,90007,89108,41744,1.224151973936374,1.245688003066309,1.3199501724798774,1.3199501724798774,1.3534879264085857,1.3702568033729399,1.4109812188578,1.5091989267918742,1.5091989267918742,1.5571100038328862,1.6073208125718665,1.6381995017247988,1.6703957454963587,1.6935847067842085,1.7202711766960521,1.7581209275584515,1.7798006899195093,1.8042832502874664,1.8324070525105405,1.8791443081640475,1.9360866232272902,1.9534064775776159,1.9558499425067075,1.9554666538903795,1.9593474511307014,1.9759246837868916,1.9866328095055577,1.9947297815254887,2.006372173246455,2.014301456496742,2.069926216941357,2.0803229206592566,2.092851667305481,2.1114411651973937,2.108806055960138,2.107632234572633,2.0923965120735915,2.085832694518973,2.0953430433116136,2.101427750095822,2.1032004599463394,2.0921569566883864,2.091150824070525,2.0858087389804525,2.090048869298582,2.087270026830203,2.0917736680720584,2.100661172863166,2.0972834419317747,2.0825028746646224,2.061637600613262
23,Merced County,6047,104629,108000,114400,114400,117900,121500,126400,128400,128400,131800,135648,139634,142766,147658,151360,155935,158994,162956,167751,172990,179812,185381,188184,191195,195205,192175,190991,193893,197261,200746,212258,218816,225351,231735,237180,242554,245338,248540,250538,252302,256709,259249,260776,261888,264241,266133,267370,270837,273733,277114,279252,284610,290210,291920,21296,4.913082268970698,5.07137490608565,5.371900826446281,5.371900826446281,5.5362509391435015,5.705296769346356,5.935386927122464,6.029301277235161,6.029301277235161,6.188955672426747,6.369646882043576,6.556818181818182,6.703888054094666,6.9336025544703235,7.107438016528926,7.32226709241172,7.465909090909091,7.651953418482344,7.877113072877536,8.123121712997746,8.443463561232157,8.704968069120962,8.836589030803907,8.977977084898573,9.16627535687453,9.023995116453793,8.968397821187077,9.104667543200602,9.262819308790384,9.426465063861759,9.967036063110443,10.274981217129977,10.581846356123215,10.881620961682945,11.137302779864763,11.389650638617582,11.520379413974455,11.670736288504884,11.764556724267468,11.847389181066868,12.054329451540195,12.173600676183321,12.245304282494365,12.297520661157025,12.408010894064613,12.496853869271225,12.554939894815927,12.717740420736288,12.853728399699474,13.012490608564988,13.112885048835462
24,Modoc County,6049,7469,7700,7700,7700,7900,7900,8000,8300,8300,8400,8685,8990,9268,9467,9631,9500,9371,9350,9361,9662,9668,9693,9775,9590,9682,9578,9642,9603,9338,9210,9406,9350,9362,9501,9605,9565,9617,9525,9551,9646,9698,9513,9358,9154,9078,9064,8957,8864,8816,8866,8763,8641,8619,8500,45245,0.16507901425571886,0.17018455077909161,0.17018455077909161,0.17018455077909161,0.17460492872140568,0.17460492872140568,0.17681511769256272,0.1834456846060338,0.1834456846060338,0.18565587357719085,0.1919549121449884,0.19869598850701736,0.2048403138468339,0.2092385898994364,0.21286329981213395,0.2099679522599182,0.20711680848712566,0.20665266880318267,0.20689578959000995,0.21354845839319261,0.21368106973146203,0.2142336169742513,0.21604597193060007,0.21195712233395955,0.21399049618742402,0.21169189965742072,0.2131064205989612,0.21224444690020997,0.20638744612664384,0.20355840424356283,0.2078903746270306,0.20665266880318267,0.2069178914797215,0.2099900541496298,0.2122886506796331,0.2114045750911703,0.21255387335617196,0.2105204995027075,0.2110951486352083,0.2131948281578075,0.21434412642280914,0.21025527682616862,0.20682948392087525,0.2023206984197149,0.20064095480163555,0.20033152834567355,0.19796662614653554,0.1959111504033595,0.1948502596972041,0.19595535418278262,0.1936788595424909
25,Mono County,6051,4016,4500,6400,6400,6800,7100,7100,7100,7100,8200,8651,8914,9280,9222,8791,8805,8797,8915,9070,9512,10075,9806,9933,10260,10559,10488,10400,10410,10307,10512,12921,13224,13404,13352,13360,13474,13743,13678,13862,14008,14256,14424,14328,14064,14130,14074,14256,14333,14400,14450,14534,13271,13002,13066,33711,0.1191302542196909,0.13348758565453414,0.18984901070867077,0.18984901070867077,0.20171457387796268,0.21061374625493162,0.21061374625493162,0.21061374625493162,0.21061374625493162,0.2432440449704844,0.2566224674438611,0.2644240752276705,0.2752810655275726,0.27356055886802527,0.2607754145531132,0.2611907092640384,0.2609533980006526,0.2644537391355937,0.2690516448636943,0.2821630921657619,0.2988638723265403,0.2908842810951915,0.29465159740144165,0.3043516952923378,0.3132212037613835,0.31111506629883423,0.30850464240159,0.3088012814808223,0.3057458989647296,0.3118270000889917,0.3832873542760523,0.392275518376791,0.3976150218029723,0.3960724985909644,0.3963098098543502,0.3996914953575984,0.40767108658894724,0.4057429325739373,0.41120109163181157,0.41553202218860313,0.4228886713535641,0.42787220788466673,0.42502447272403665,0.417193201032304,0.41915101895523715,0.4174898401115363,0.4228886713535641,0.4251727922636528,0.4271602740945092,0.4286434694906707,0.431135237756222
26,Monterey County,6053,247450,252700,255300,255300,263500,271000,275900,284100,284100,286900,292262,299666,306236,313705,321465,328102,335846,341267,345944,349875,356947,361559,366296,362913,342872,343082,347292,358888,366631,371756,402990,407082,408977,409725,408731,405139,401831,402376,406022,410263,416358,420379,424222,426163,427985,430178,433436,433803,433359,433380,430906,437158,432884,430723,40593,6.095878599758579,6.225211243317814,6.289261695366196,6.289261695366196,6.491266967211096,6.67602788658143,6.7967383539033825,6.998743625748282,6.998743625748282,7.06772103564654,7.199812775601704,7.3822087552041,7.544059320572512,7.728056561476117,7.91922252605129,8.082723622299412,8.273495430246594,8.407040622767472,8.522257532086813,8.619096888626117,8.793314118197719,8.90692976621585,9.023624762890153,8.940285270859508,8.446579459512725,8.451752765255094,8.555465227994974,8.841130244130762,9.031877417288696,9.158130712191758,9.927573719606828,10.028379277215283,10.075062202842854,10.09348902520139,10.069002044687508,9.980513881703741,9.8990219988668,9.91244795900771,10.002266400610942,10.106742541817555,10.256891582292514,10.355948069864262,10.450619564949623,10.498435690882664,10.543320276895031,10.597344369718916,10.67760451309339,10.686645480747913,10.675707634321189,10.676224964895425,10.615278496292465
27,Napa County,6055,79140,81800,87700,87700,90800,93600,95000,96400,96400,98800,99365,99665,101180,101545,101905,103014,104241,105009,106130,108661,111215,111897,113631,114034,114956,115320,116387,117944,119540,120962,124565,126818,128744,130138,130387,130381,131440,132583,134093,135280,136752,137668,138504,139522,140331,140766,140778,139818,138620,137678,135965,136265,134370,133216,8488,9.323751178133836,9.63713477851084,10.332233741753063,10.332233741753063,10.697455230914231,11.027332704995288,11.192271442035816,11.357210179076343,11.357210179076343,11.639962299717247,11.706526861451461,11.741870876531573,11.920358152686145,11.963360037700284,12.005772855796419,12.136427898209236,12.2809849198869,12.371465598491989,12.503534401508011,12.801720075400565,13.10261545711593,13.182964184731386,13.38725259189444,13.43473138548539,13.543355325164939,13.586239396795476,13.711946277097079,13.895381715362864,14.083411875589066,14.250942507068803,14.67542412818096,14.940857681432611,15.167766258246937,15.331998114985863,15.361333647502356,15.360626767200754,15.485391140433553,15.620051837888784,15.797950047125353,15.937794533459002,16.111215834118756,16.219132893496703,16.317624882186617,16.4375589066918,16.532869934024504,16.584118755890668,16.585532516493874,16.472431668237512,16.33129123468426,16.220311027332706,16.01849670122526
28,Nevada County,6057,26346,27400,31300,31300,33000,34600,37400,44600,44600,48400,52591,56160,59088,60784,62828,65282,67718,70557,73370,76130,79185,81419,83131,84221,85644,87105,88579,89981,91114,92014,92520,93715,94647,95606,96512,97250,97549,97794,98200,98591,98795,98716,98165,97969,98605,98716,98939,99421,99472,99648,99606,103517,102401,102037,10482,2.5134516313680595,2.6140049608853273,2.9860713604273994,2.9860713604273994,3.1482541499713794,3.3008967754245373,3.5680213699675636,4.254913184506774,4.254913184506774,4.617439419958023,5.017267697004389,5.357756153405838,5.637092157985117,5.798893340965464,5.993894294981874,6.228009921770655,6.460408319023087,6.731253577561534,6.999618393436367,7.262926922343064,7.554378935317687,7.767506201106659,7.930833810341538,8.0348215989315,8.170578133943904,8.309959931310818,8.450581950009541,8.584335050562869,8.692425109711888,8.778286586529289,8.82655981682885,8.940564777714176,9.029479107040641,9.120969280671627,9.207403167334478,9.277809578324748,9.306334668956307,9.329708070978821,9.36844113718756,9.405743178782675,9.425205113527953,9.417668383896203,9.365102079755772,9.34640335813776,9.40707880175539,9.417668383896203,9.438942949818736,9.4849265407365,9.48979202442282,9.506582713222667,9.502575844304522
29,Orange County,6059,1421233,1484200,1607100,1607100,1669100,1725700,1772700,1853100,1853100,1892000,1948101,2004804,2045924,2088884,2123365,2171927,2228897,2281483,2333095,2383918,2417569,2445044,2483337,2513289,2541371,2572393,2606488,2665599,2723782,2760948,2854513,2885457,2908245,2929376,2941711,2940055,2932261,2931629,2957593,2987177,3016376,3050199,3078710,3105262,3126523,3148952,3164277,3174159,3175579,3170851,3166857,3160611,3150372,3135755,10205,139.26829985301322,145.43851053405194,157.48162665360118,157.48162665360118,163.55707986281234,169.10338069573737,173.7089661930426,181.5874571288584,181.5874571288584,185.39931406173446,190.8967172954434,196.4531112199902,200.48250857422832,204.6922097011269,208.07104360607545,212.8296913277805,218.41224889759923,223.56521313081822,228.62273395394413,233.6029397354238,236.90044096031357,239.59274865262125,243.3451249387555,246.28015678588926,249.03194512493874,252.0718275355218,255.41283684468397,261.2051935325821,266.9066144047036,270.5485546300833,279.7170994610485,282.74933855952963,284.98236158745715,287.0530132288094,288.2617344439,288.09946104850565,287.3357177853993,287.27378735913766,289.81803037726604,292.71700146986774,295.57824595786377,298.89260166585007,301.68642822146006,304.28829005389514,306.3716805487506,308.5695247427731,310.07123958843704,311.03958843704066,311.17873591376775,310.715433610975,310.32405683488486
30,Placer County,6061,77632,80900,85500,85500,88200,90900,95400,107700,107700,112800,118381,122444,126220,128535,132576,136787,141436,147360,153611,162656,175421,181342,186799,192007,198429,205963,213335,220477,229216,239485,251012,263615,276907,290726,302841,312762,321934,329023,337568,343810,350007,356323,360269,365415,369241,372870,379046,385348,392735,398918,402950,413047,418074,423561,16172,4.800395745733367,5.00247341083354,5.286915656690576,5.286915656690576,5.453870887954489,5.620826119218402,5.89908483799159,6.659658669304972,6.659658669304972,6.975018550581251,7.3201211971308435,7.571357902547613,7.8048478852337375,7.947996537224833,8.197872866683156,8.458261192184022,8.745733366312145,9.112045510759337,9.498577788770715,10.057877813504824,10.8472050457581,11.213331684392777,11.550766757358398,11.872804847885234,12.269910957209992,12.735777887707147,13.19162750432847,13.633255008656938,14.17363344051447,14.808619836754884,15.521395003710117,16.300704922087558,17.122619342072717,17.97712094978976,18.726255255998023,19.339722977986643,19.90687608211724,20.345226317091267,20.873608706406134,21.259584466979966,21.642777640366067,22.033329210981943,22.277331189710612,22.59553549344546,22.83211723967351,23.056517437546376,23.43841207024487,23.828097947069008,24.284875092752905,24.667202572347268,24.916522384368044
31,Plumas County,6063,11707,12100,13100,13100,13600,14000,14200,15800,15800,16700,17448,17809,18175,18022,18153,18609,18696,19014,19315,19412,19811,20095,20612,20745,20540,20518,20414,20429,20362,20370,20754,20820,20866,20957,21000,21010,20762,20667,20410,20169,19915,19720,19380,18901,18631,18435,18691,18680,18830,19052,18967,19958,19443,19131,28131,0.41616010806583487,0.4301304610571967,0.46567843304539475,0.46567843304539475,0.4834524190394938,0.49767160783477304,0.5047812022324126,0.5616579574135295,0.5616579574135295,0.5936511322029078,0.62024101525008,0.6330738331378195,0.6460843908855,0.6406455511713057,0.6453023355017596,0.661512210728378,0.6646048842913512,0.6759091393835982,0.6866090789520458,0.690057232234901,0.704240873058192,0.7143364971028403,0.7327147986207387,0.737442678895169,0.7301553446375885,0.729373289253848,0.7256763001670755,0.7262095197468984,0.7238278056236892,0.7241121893995948,0.7377626106430628,0.7401087767942839,0.741743983505741,0.744978848956667,0.7465074117521595,0.7468628914720415,0.7380469944189684,0.7346699370800895,0.7255341082791227,0.7169670470299669,0.7079378621449647,0.7010060076072661,0.6889196971312787,0.6718922185489318,0.6622942661121183,0.6553268636024315,0.6644271444314102,0.66403611673954,0.6693683125377697,0.6772599623191496,0.6742383847001528
32,Riverside County,6065,456916,477600,497900,497900,515900,528600,548000,611900,611900,640000,669614,693245,719837,746899,783193,825693,871208,930057,995974,1084571,1193639,1248277,1290328,1321304,1354966,1383646,1406769,1439674,1480708,1530653,1558985,1616634,1687147,1771656,1856542,1931785,2012370,2075183,2109712,2146725,2201562,2233840,2260763,2286087,2315238,2344648,2378282,2413058,2443221,2465569,2489188,2453399,2474241,2492442,78609,5.812515106412752,6.075640193870931,6.333880344489817,6.333880344489817,6.562861758831686,6.7244208678395605,6.971211947741352,7.784095968654989,7.784095968654989,8.141561398822018,8.518286710173136,8.818901143634953,9.157183019756008,9.501443855029322,9.963146713480645,10.503797275121169,11.082802223663958,11.831431515475327,12.669974175984938,13.797033418565304,15.184508135200804,15.879568497245863,16.414507244717527,16.80855881642051,17.23677950361918,17.60162322380389,17.89577529290539,18.314366039512016,18.836367337073362,19.47172715592362,19.832143902097723,20.565507766286302,21.462517014591203,22.537572033736595,23.617422941393478,24.57460341691155,25.59974048773041,26.398796575455737,26.83804653411187,27.30889592794718,28.006487806739685,28.4171023674134,28.75959495732041,29.081746364920047,29.452581765446705,29.82671195410195,30.254576447989415,30.696968540497906,31.080677784986452,31.36497093208157,31.665432711267158
33,Sacramento County,6067,634373,653800,669900,669900,683600,697400,711800,748300,748300,768500,788004,806286,832151,852630,869578,891104,916044,948520,979285,1008752,1075309,1103715,1114853,1119353,1119846,1128394,1141118,1152550,1166699,1184586,1229940,1266257,1301079,1328531,1348932,1360816,1369563,1381161,1394438,1408601,1421381,1433712,1444819,1457283,1474828,1493547,1511401,1527984,1539550,1551660,1559146,1588810,1584380,1584288,10699,59.292737639031685,61.10851481446864,62.61332834844378,62.61332834844378,63.89382185250958,65.18366202448827,66.52958220394429,69.9411159921488,69.9411159921488,71.82914291055239,73.65211702028228,75.36087484811665,77.7783905037854,79.69249462566594,81.27656790354239,83.28853163847089,85.61959061594541,88.65501448733527,91.53051687073558,94.2846995046266,100.50556126740817,103.16057575474343,104.20160762688101,104.62220768296102,104.66828675577156,105.46723992896533,106.65650995420133,107.72502103000281,109.04748107299747,110.71931956257595,114.95840732778764,118.35283671371157,121.6075334143378,124.1733806897841,126.08019441069258,127.19095242546032,128.00850546780072,129.0925320123376,130.33348911113188,131.65725768763437,132.85176184690158,134.00429946723992,135.04243387232452,136.20740256098702,137.8472754463034,139.5968782129171,141.2656323020843,142.8155902420787,143.89662585288346,145.0285073371343,145.7281988970932
34,San Benito County,6069,18226,18700,19700,19700,20200,20900,21900,23600,23600,24300,25202,25903,26915,27759,28960,30392,31648,32950,34372,36135,36828,37305,38283,39443,40728,42267,44089,46639,48984,51276,53781,54644,55056,55198,54849,54647,54124,54072,54267,54436,55544,56094,56704,57320,57891,58276,59270,60190,61415,62803,64055,66709,67643,68175,14967,1.2177457072225564,1.2494153805037749,1.3162290372152068,1.3162290372152068,1.3496358655709226,1.3964054252689249,1.4632190819803568,1.576802298389791,1.576802298389791,1.6235718580877931,1.6838377764415047,1.7306741497962184,1.7982895703881874,1.854680296652636,1.9349234983630654,2.030600654773836,2.114518607603394,2.2015099886416785,2.296519008485334,2.414311485267589,2.460613349368611,2.4924834636199638,2.557827219883744,2.6353310616690053,2.721186610543195,2.8240128282220884,2.9457473107503174,3.1161221353644684,3.272800160352776,3.425937061535378,3.5933052715975147,3.6509654573394803,3.67849268390459,3.6879802231576133,3.6646622569653236,3.6511658983096145,3.6162223558495357,3.612748045700541,3.6257767087592705,3.6370682167435024,3.711097748379769,3.7478452595710565,3.7886015901650296,3.829758802699272,3.867909400681499,3.8936326585154006,3.9600454332865636,4.021513997461081,4.103360726932585,4.196098082448052,4.279748780650765
35,San Bernardino County,6071,682233,693600,704300,704300,713900,719900,734500,823900,823900,856800,903112,932934,966763,996561,1027821,1072235,1124170,1192192,1271182,1352915,1437012,1491021,1532114,1545508,1553732,1569793,1588541,1609221,1635967,1669934,1718037,1760731,1799791,1846115,1899065,1943924,1974140,1992161,2003735,2013960,2040803,2060596,2073088,2082101,2098346,2114352,2130726,2149847,2165627,2177279,2189183,2193087,2194908,2195611,216410,3.152502194907814,3.205027494108405,3.254470680652465,3.254470680652465,3.2988309227854535,3.3265560741185713,3.3940206090291576,3.8071253638926112,3.8071253638926112,3.9591516103692066,4.1731528117924315,4.310956055635137,4.46727507970981,4.604967422947183,4.749415461392727,4.954646273277575,5.194630562358486,5.508950603022042,5.873952220322536,6.25162885264082,6.640229194584354,6.889797144309413,7.07968208493138,7.14157386442401,7.179575805184603,7.2537914144448035,7.340423270643686,7.435982625571831,7.5595721084977585,7.716528811053093,7.938805970149254,8.136088905318609,8.316579640497205,8.530636292223095,8.775310752737859,8.982597846679914,9.122221708793495,9.205494200822512,9.258976017744097,9.306224296474285,9.430262002680099,9.521722656069498,9.579446421145049,9.621094219305947,9.696160066540363,9.77012152858001,9.845783466568088,9.93413890300818,10.007056051014278,10.060898294903193,10.115904995148098
36,San Diego County,6073,1357854,1391900,1499600,1499600,1540700,1616900,1642800,1775400,1775400,1827600,1875284,1927017,1972358,2018133,2066418,2126092,2196830,2275305,2364290,2444387,2513216,2554271,2601147,2609266,2626939,2641561,2673685,2722060,2766123,2820844,2827366,2869672,2900355,2914702,2930007,2938375,2947289,2975742,3022116,3061203,3103260,3137236,3175148,3210788,3249307,3280825,3305462,3319019,3332483,3330459,3332427,3274432,3277176,3269973,48713,27.87457146962823,28.573481411532857,30.78439020384702,30.78439020384702,31.62810748670786,33.19237164617248,33.72405723318211,36.44612321146306,36.44612321146306,37.517705745899455,38.49658202122637,39.55857779237575,40.48935602405928,41.42904358179541,42.42025742614908,43.645269229979675,45.09740726294829,46.70837353478537,48.53509330158274,50.17935663991132,51.59230595528914,52.435099460103054,53.39738878738735,53.564058875454194,53.926857307084354,54.2270235871328,54.88647794223308,55.8795393426806,56.78408227783138,57.90741691129678,58.0413031428982,58.909777677416706,59.53965060661425,59.834171576375915,60.14835875433663,60.320140414263136,60.503130581159034,61.08722517603104,62.03920924599183,62.841602857553426,63.704965820212266,64.40243877404389,65.18071151438015,65.91234372754707,66.70307720731633,67.35009135138463,67.85584956787716,68.13415310081498,68.41054749245582,68.3689980087451,68.40939790199741
37,San Francisco County,6075,715674,708100,700000,700000,698400,686100,686100,677700,677700,675800,679193,686920,695544,704803,713200,727975,737398,736500,730462,725887,722749,725237,727291,729746,729051,730628,735228,740993,745756,746777,777885,780865,772723,766160,761325,763016,768650,778673,791152,801922,805519,815694,828963,839695,850918,863237,871343,877471,879676,878826,866606,811935,807774,808988,2496,286.72836538461536,283.6939102564103,280.44871794871796,280.44871794871796,279.8076923076923,274.8798076923077,274.8798076923077,271.5144230769231,271.5144230769231,270.75320512820514,272.11258012820514,275.2083333333333,278.66346153846155,282.37299679487177,285.7371794871795,291.65665064102564,295.43189102564105,295.07211538461536,292.65304487179486,290.8201121794872,289.56290064102564,290.5596955128205,291.3826121794872,292.3661858974359,292.08774038461536,292.71955128205127,294.5625,296.8721955128205,298.78044871794873,299.18950320512823,311.6526442307692,312.8465544871795,309.5845352564103,306.95512820512823,305.01802884615387,305.6955128205128,307.95272435897436,311.96834935897436,316.96794871794873,321.28285256410254,322.7239583333333,326.8004807692308,332.11658653846155,336.41626602564105,340.9126602564103,345.84815705128204,349.09575320512823,351.5508814102564,352.43429487179486,352.09375,347.1979166666667
38,San Joaquin County,6077,291073,296200,303900,303900,306700,309800,317700,332700,332700,338400,350186,361460,373481,385716,398727,416044,430786,445725,457136,466859,484360,494221,503293,509810,516797,523653,531560,539997,549684,563183,567885,591207,609041,626778,642898,656985,662812,668080,671692,677736,687115,694265,699444,701831,711296,721919,732662,743286,752590,761571,767967,788354,794293,800965,15355,18.956235753826114,19.290133507000977,19.791598827743407,19.791598827743407,19.973949853467925,20.1758384890915,20.69032888309997,21.667209378052753,21.667209378052753,22.03842396613481,22.805991533702375,23.54021491370889,24.32308694236405,25.11989579941387,25.967241940735917,27.09501790947574,28.055096059915336,29.02800390752198,29.771149462715726,30.404363399544124,31.5441224356887,32.18632367307066,32.777140996418105,33.20156300879192,33.65659394334093,34.10309345490069,34.61803972647346,35.16750244220124,35.798371865841744,36.67749918593292,36.98371865841745,38.50257245197004,39.664018235102574,40.81914685770108,41.86896776294367,42.78638879843699,43.16587430804298,43.508954737870404,43.74418756105503,44.137805275154676,44.74861608596548,45.21426245522631,45.551546727450344,45.707000976880494,46.3234125691957,47.01523933572126,47.714881146206444,48.406773038098336,49.01269944643439,49.59759036144578,50.01413220449365
39,San Luis Obispo County,6079,105690,109300,119800,119800,125500,126500,134300,145900,145900,150900,156829,161889,166561,171369,177555,185250,192490,199339,204257,213311,218117,219091,220353,221030,223264,225664,228546,231426,234074,236953,247839,251462,253083,254674,256842,258615,260498,262770,266358,268145,269800,271056,274174,275713,278271,280138,281884,282473,283250,282728,282249,279464,282046,281639,38917,2.715779736362001,2.8085412544646298,3.078346224015212,3.078346224015212,3.2248117789140993,3.250507490299869,3.4509340391088728,3.7490042911838013,3.7490042911838013,3.87748284811265,4.029832720918878,4.159853020530873,4.2799033841251894,4.4034483644679705,4.562402035100342,4.76013053421384,4.946167484646812,5.122157411927949,5.248528920523165,5.481177891409923,5.604671480329933,5.629699103219672,5.662127090988514,5.67952308759668,5.73692730683249,5.798597014158337,5.872652054372125,5.946655703163142,6.01469794691266,6.088675899992292,6.36839941413778,6.461494976488424,6.503147724644757,6.544029601459516,6.599737903743865,6.645296400030835,6.693681424570239,6.752062080838708,6.844258293290849,6.890176529537221,6.932702931880669,6.964976745381196,7.0450959734820255,7.084641673304725,7.150371303029524,7.198345196186756,7.24320990826631,7.258344682272528,7.278310250019271,7.2648970886759,7.252588842922116
40,San Mateo County,6081,557361,556300,567100,567100,568400,575400,580600,582600,582600,585600,587968,591736,595854,606458,613706,620189,621588,628247,636605,646073,650050,654577,661529,667971,673139,677837,685365,695689,701080,702102,707820,705621,697628,693057,690161,690078,690176,693849,703830,713617,719948,728945,739700,749131,757653,765479,767928,768658,768410,764810,758308,739149,728929,726353,7976,69.87976429287863,69.74674022066199,71.10080240722166,71.10080240722166,71.26379137412236,72.14142427281845,72.79338014042126,73.04413239719158,73.04413239719158,73.42026078234704,73.71715145436309,74.18956870611835,74.70586760280842,76.03535606820462,76.94408224674022,77.75689568706119,77.93229689067202,78.76717652958877,79.8150702106319,81.00213139418254,81.50075225677031,82.06832998996991,82.9399448345035,83.74761785356068,84.39556168505517,84.98457873620863,85.92841023069208,87.22279338014042,87.8986960882648,88.02683049147443,88.74373119358074,88.46802908726178,87.46589769307924,86.8928034102307,86.52971414242728,86.51930792377131,86.53159478435306,86.99210130391174,88.24348044132397,89.4705366098295,90.26429287863591,91.39230190571715,92.7407221664995,93.9231444332999,94.99159979939819,95.97279338014042,96.27983951855566,96.37136409227683,96.34027081243731,95.88891675025076,95.07372116349048
41,Santa Barbara County,6083,264324,269900,277400,277400,278400,282600,286100,295400,295400,295400,300236,305587,313072,322287,329127,338566,345647,352019,355812,365700,370420,374051,376523,378009,381528,381289,382215,386789,389472,391071,399990,403164,405178,406810,407284,408079,408085,411243,415859,420356,424218,425404,429635,434503,438921,442051,444112,444998,445137,445464,444766,437521,443915,441257,40785,6.480912100036778,6.617629030280741,6.801520166727964,6.801520166727964,6.826038984920927,6.9290180213313715,7.014833885006743,7.2428588942013,7.2428588942013,7.2428588942013,7.361431898982469,7.492632095133015,7.676155449307343,7.9020963589554984,8.069805075395365,8.301238200318744,8.474855951943116,8.631089861468677,8.724089738874586,8.966531813166606,9.082260635037391,9.17128846389604,9.231898982469046,9.268333946303787,9.354615667524826,9.348755669976708,9.37146009562339,9.483609170038005,9.549393159249725,9.588598749540273,9.80728208900331,9.885104817947775,9.934485717788403,9.974500429079319,9.986122348902782,10.005614809366188,10.005761922275346,10.083192350128725,10.196371214907442,10.306632340321196,10.40132401618242,10.430403334559275,10.5341424543337,10.653500061297045,10.761824200073557,10.83856810101753,10.889101385313229,10.910825058232193,10.914233173961016,10.922250827510114,10.905136692411427
42,Santa Clara County,6085,1065313,1100500,1163900,1163900,1164600,1192800,1206700,1260400,1260400,1271400,1300884,1324718,1345046,1374020,1396226,1419528,1429923,1447592,1472237,1498116,1497644,1508020,1523971,1539465,1550060,1566760,1593625,1621660,1641848,1647419,1684947,1688082,1669348,1663592,1663167,1675312,1691159,1712026,1740964,1765137,1786001,1811891,1837605,1866050,1891286,1915736,1928144,1932251,1931985,1922411,1907105,1885173,1878335,1877592,14037,75.8932108000285,78.39994300776519,82.91657761629978,82.91657761629978,82.96644582175679,84.97542209873905,85.96566217852818,89.79126594001568,89.79126594001568,90.57490916862578,92.67535798247489,94.37329913799245,95.82147182446391,97.88558808862292,99.46755004630619,101.12759136567642,101.86813421671297,103.12687896274133,104.8825959962955,106.72622355204103,106.6925981335043,107.43178741896416,108.56814134074233,109.67193844838641,110.42672935812496,111.61644225974212,113.5303127448885,115.52753437344163,116.96573341882169,117.36261309396595,120.03611882880958,120.25945714896345,118.92484149034694,118.51478236090333,118.48450523616157,119.34971860084063,120.47866353209375,121.96523473676712,124.02678635035976,125.74887796537722,127.23523544917005,129.07964664814418,130.91151955546056,132.93794970435277,134.73576975137138,136.47759492769111,137.3615444895633,137.6541283750089,137.63517845693525,136.9531238868704,135.8627199544062
43,Santa Cruz County,6087,123790,129900,145300,145300,149800,158600,168000,174900,174900,184000,189358,193590,197356,201924,205967,212145,216656,221195,225698,231461,229385,228984,230983,232600,234059,234717,235633,238862,243200,245201,255835,256045,254531,253021,252356,251377,251616,253304,256520,260009,263174,264927,266391,268836,270863,273495,274476,274865,273713,272870,269925,260475,264240,261547,6535,18.942616679418517,19.877582249426165,22.234123947972456,22.234123947972456,22.92272379495027,24.269319051262432,25.707727620504972,26.763580719204285,26.763580719204285,28.156082631981636,28.975975516449886,29.623565416985464,30.199846977811784,30.89885233358837,31.51752104055088,32.462892119357306,33.15317521040551,33.847742922723796,34.53680183626626,35.41866870696251,35.10099464422341,35.03963274674828,35.345524100994645,35.592960979342,35.81622035195103,35.916908951798014,36.05707727620505,36.551185921958684,37.2149961744453,37.521193573068096,39.148431522570775,39.180566182096406,38.948890589135424,38.717827084927315,38.616067329762814,38.466258607498084,38.50283091048202,38.76113236419281,39.253251721499616,39.78714613618975,40.27146136189747,40.53970925784239,40.7637337413925,41.13787299158378,41.44804896710023,41.850803366488144,42.000918133129304,42.06044376434583,41.88416220351951,41.75516449885233,41.30451415455241
44,Shasta County,6089,77640,79400,84200,84200,86700,92100,94900,103600,103600,112200,116638,120274,121513,122804,125326,128458,130122,132964,136629,141000,148660,154034,157319,158520,159684,160510,161327,162603,164156,164530,163615,166408,170198,173202,174867,175615,176166,176548,177247,177279,177277,177613,177908,178447,178904,178386,178592,179403,179666,179645,179027,182135,180937,180366,41413,1.8747736218095767,1.9172723540917103,2.0331779875884384,2.0331779875884384,2.0935455050346508,2.22393934271847,2.291550962258228,2.501629922971048,2.501629922971048,2.709294182986019,2.8164585999565355,2.904257117330307,2.9341752589766497,2.965349044985874,3.026247796585613,3.1018762224422285,3.1420568420544273,3.2106826358872818,3.2991814164634294,3.4047279839663873,3.5896940574215828,3.719460072923961,3.7987829908482844,3.827783546229445,3.8558906623524014,3.87583609011663,3.895564194818052,3.926375775722599,3.9638760775601862,3.97290705817014,3.950812546784826,4.018255137275735,4.109772293724193,4.182309902687562,4.222514669306739,4.240576630526646,4.253881631371791,4.2631057880375725,4.279984545915534,4.280757250138845,4.280708956124888,4.288822350469659,4.295945717528312,4.308960954289716,4.319996136478883,4.307487986864028,4.312462270301596,4.332045492961147,4.338396155796489,4.3378890686499405,4.322966218337237
45,Sierra County,6091,2365,2400,2500,2500,2500,2700,2900,2900,2900,3000,3075,3082,3277,3291,3271,3271,3239,3249,3329,3310,3320,3318,3288,3344,3329,3380,3396,3369,3376,3334,3574,3518,3482,3511,3430,3378,3424,3373,3320,3248,3220,3100,3068,3031,2976,2990,2956,3008,2961,2959,2920,3294,3222,3200,10357,0.2283479772134788,0.23172733417012648,0.2413826397605484,0.2413826397605484,0.2413826397605484,0.2606932509413923,0.28000386212223616,0.28000386212223616,0.28000386212223616,0.2896591677126581,0.2969006469054746,0.2975765182968041,0.3164043641981269,0.31775610698078594,0.31582504586270155,0.31582504586270155,0.3127353480737665,0.3137008786328087,0.32142512310514626,0.3195906150429661,0.3205561456020083,0.32036303949019984,0.31746644781307326,0.3228734189437096,0.32142512310514626,0.32634932895626145,0.327894177850729,0.32528724534131503,0.3259631167326446,0.3219078883846674,0.34508062180168003,0.3396736506710437,0.33619774065849184,0.3389977792797142,0.3311769817514724,0.326156222844453,0.3305976634160471,0.32567345756493193,0.3205561456020083,0.3136043255769045,0.31090084001158635,0.29931447330308003,0.296224775514145,0.2926523124456889,0.28734189437095686,0.2886936371536159,0.2854108332528725,0.29043159215989184,0.28589359853239354,0.2857004924205851,0.28193492324032055
46,Siskiyou County,6093,33225,33400,34300,34300,34600,34900,35600,37600,37600,38800,39961,40756,41279,41212,41265,41589,41177,41404,42027,42852,43713,43917,44056,43804,43972,44221,44058,44264,44024,43570,44218,43908,43965,44287,44394,44641,44487,44465,44780,44788,44941,44622,44091,43550,43357,43275,43402,43647,43624,43663,43245,44139,43786,42905,68322,0.4863001668569421,0.48886156728433006,0.5020344837680396,0.5020344837680396,0.5064254559292761,0.5108164280905125,0.5210620298000644,0.5503351775416411,0.5503351775416411,0.567899066186587,0.5848921284505723,0.5965282046778491,0.6041831328122713,0.6032024823629285,0.6039782207780803,0.6087204707122157,0.6026902022774508,0.6060127045461199,0.615131290067621,0.6272064635110214,0.6398085536137701,0.6427944146834109,0.6448288984514505,0.6411404818360118,0.6435994262463043,0.6472439331401305,0.644858171599192,0.6478733058165744,0.6443605280875853,0.6377155235502474,0.6472000234185182,0.6426626855185739,0.6434969702292087,0.6482099470156026,0.649776060419777,0.6533912941658616,0.6511372617897603,0.6508152571646029,0.6554257779339012,0.6555428705248676,0.6577822663270981,0.6531131992623167,0.6453411785369281,0.6374227920728316,0.6345979333157694,0.6333977342583648,0.6352565791399549,0.6388425397382981,0.63850589853927,0.6390767249202307,0.6329586370422412
47,Solano County,6095,171989,178500,183200,183200,187400,191500,198000,213600,213600,224500,237272,246006,254349,260392,264414,271630,283614,296836,310048,326072,343460,354889,359849,364148,365383,364191,366408,371063,376748,385723,396974,404209,408226,408409,409301,408181,408402,408243,408972,410290,413963,416325,419645,423634,428971,433378,438834,443554,445931,447434,446935,450653,448885,449218,9754,17.63266352265737,18.30018453967603,18.782038138199713,18.782038138199713,19.212630715603854,19.63297108878409,20.299364363338118,21.89870822226779,21.89870822226779,23.016198482673776,24.325610006151322,25.22103752306746,26.076378921468116,26.695919622718886,27.108263276604468,27.848062333401682,29.076686487594834,30.432232930079966,31.78675415214271,33.42956735698175,35.212220627434895,36.38394504818536,36.8924543776912,37.33319663727701,37.45981135944228,37.337605085093294,37.56489645273734,38.042136559360266,38.62497436948944,39.54510969858519,40.6985851958171,41.440332171416856,41.852163215091245,41.870924748821,41.962374410498256,41.84754972319048,41.87020709452532,41.85390608980931,41.9286446586016,42.06376871027271,42.440332171416856,42.682489235185564,43.02286241541932,43.431822841911014,43.97898298134099,44.43079762148862,44.990157883945045,45.47406192331351,45.71775681771581,45.87184744720115,45.820688948123845
48,Sonoma County,6097,204885,212400,238000,238000,243000,253300,262700,281400,281400,291900,301677,308604,314637,321588,326865,335352,345270,356114,367890,380632,390152,396592,402387,406467,410123,414688,419268,426438,433777,439970,460421,465293,465298,466489,466809,465938,465188,467356,473091,479479,484675,487231,489784,493870,498317,500598,502445,502203,497221,492318,489819,484519,482669,481812,19030,10.766421439831845,11.16132422490804,12.506568575932738,12.506568575932738,12.76931161324225,13.310562270099842,13.804519180241723,14.787178139779297,14.787178139779297,15.33893851812927,15.852706253284287,16.216710457172884,16.53373620599054,16.899001576458225,17.17630057803468,17.62228060956385,18.143457698370995,18.713294797687862,19.33210719915922,20.001681555438783,20.50194429847609,20.84035733053074,21.144876510772466,21.359274829217025,21.55139253809774,21.791276931161324,22.031949553336837,22.408723068838675,22.794377299001578,23.119810825013136,24.1944823962165,24.45049921177089,24.450761954808197,24.513347346295323,24.53016290068313,24.484393063583816,24.444981607987387,24.558906988964793,24.8602732527588,25.195953757225432,25.468996321597476,25.6033105622701,25.737467157120335,25.95218076720967,26.185864424592747,26.305727798213347,26.40278507619548,26.3900683131897,26.128271150814502,25.870625328428797,25.7393063583815
49,Stanislaus County,6099,194506,199700,215200,215200,222500,229500,236300,247300,247300,260900,267945,275132,280741,288499,293879,301286,311159,323379,336061,353017,375259,385831,394159,400923,405152,408919,413484,419446,426872,436790,449471,463761,477469,487357,492613,500020,504651,507834,509032,511536,515137,517515,520336,523313,527814,532954,538986,544494,547855,549761,550081,552723,551226,551430,16303,11.930687603508556,12.249279273753297,13.20002453536159,13.20002453536159,13.647794884377108,14.077163712200209,14.494264859228362,15.168987302950377,15.168987302950377,16.003189597006685,16.43531865300865,16.876157762375023,17.220204870269274,17.69606820830522,18.02606882168926,18.480402379930073,19.08599644237257,19.835551738943753,20.613445378151262,21.653499355946757,23.01778813715267,23.666257743973503,24.177083972275042,24.591976936760105,24.851377047169233,25.082438814942034,25.36244862908667,25.728148193584,26.183647181500337,26.792001472121694,27.56983377292523,28.4463595657241,29.287186407409678,29.893700545911795,30.216095197202968,30.670428755443783,30.95448690425075,31.149727044102313,31.223210452064038,31.37680181561676,31.597681408329755,31.74354413298166,31.916579770594367,32.09918419922714,32.37526835551739,32.69054775194749,33.060541004723056,33.39839293381586,33.60455130957492,33.72146230755076,33.74109059682267
50,Sutter County,6101,41935,43000,45100,45100,46200,47400,48700,50100,50100,51700,52568,53820,55232,56766,56652,57605,58477,59787,61076,62707,64853,67159,69204,70717,72697,74354,75366,76450,77069,78423,79192,80138,82162,84671,86484,88764,91112,92959,93855,94366,94742,94466,94153,94457,94721,95224,95769,96161,96348,96910,96385,99152,98569,97948,6550,6.402290076335878,6.564885496183206,6.885496183206107,6.885496183206107,7.0534351145038165,7.236641221374046,7.435114503816794,7.648854961832061,7.648854961832061,7.893129770992366,8.025648854961831,8.21679389312977,8.43236641221374,8.666564885496184,8.64916030534351,8.794656488549618,8.927786259541985,9.127786259541985,9.324580152671755,9.573587786259543,9.901221374045802,10.253282442748091,10.565496183206108,10.79648854961832,11.098778625954198,11.35175572519084,11.506259541984733,11.67175572519084,11.766259541984732,11.97297709923664,12.090381679389314,12.234809160305344,12.54381679389313,12.926870229007633,13.203664122137404,13.551755725190839,13.910229007633587,14.192213740458016,14.329007633587786,14.407022900763359,14.464427480916031,14.422290076335878,14.374503816793894,14.420916030534352,14.4612213740458,14.538015267175572,14.6212213740458,14.681068702290077,14.709618320610687,14.795419847328244,14.715267175572519
51,Tehama County,6103,29517,30100,30900,30900,31900,32300,33400,35900,35900,37300,39176,40197,41330,42264,43203,44325,44844,45984,47174,48562,49873,51025,51904,52143,52945,53771,53863,53816,54016,54012,56170,56685,57380,58528,59571,60602,61587,62147,62648,62891,63562,63337,63213,62878,62797,63150,63468,63827,63904,65186,64494,65446,65299,64896,31884,0.9257621377493414,0.9440471709948564,0.9691381257056831,0.9691381257056831,1.0005018190942165,1.01304729644963,1.0475473591770166,1.1259565926483504,1.1259565926483504,1.169865763392297,1.2287040521891859,1.2607263831388784,1.2962614477480867,1.325555137372977,1.3550056454648098,1.3901957094467445,1.4064734663153933,1.4422280767783213,1.4795508719106762,1.5230836783339605,1.564201480366328,1.6003324551499185,1.6279011416384392,1.635397064358299,1.6605507464559026,1.6864571571948312,1.6893426169865764,1.6878685233973152,1.694141262075022,1.6940158073014677,1.7616986576339229,1.7778509597290177,1.7996487266340484,1.8356542466440848,1.8683665788483252,1.9007025467319032,1.9315957847196086,1.9491594530171874,1.9648726634048426,1.972494040898256,1.993539079161962,1.986482248149542,1.9825931501693639,1.9720863128842052,1.9695458537197341,1.9806172374858864,1.99059089198344,2.0018504579099234,2.0042654623008405,2.0444737172249403,2.0227700414000753
52,Trinity County,6105,7615,7900,8800,8800,9100,9600,9900,11200,11200,11600,11956,12322,12314,12464,12753,12881,12808,12716,13051,13144,13051,13087,13171,13213,13479,13436,13382,13162,13043,12927,12980,12859,13064,13210,13159,13440,13634,13648,13656,13762,13755,13685,13494,13427,13126,13094,12827,12727,12598,12337,12216,16082,15778,15670,34526,0.22055841974164397,0.22881306841221108,0.2548803800034756,0.2548803800034756,0.2635694838672305,0.2780513236401552,0.2867404275039101,0.3243932109135145,0.3243932109135145,0.3359786827318543,0.3462897526501767,0.3568904593639576,0.3566587499275908,0.3610033018594682,0.3693738052482187,0.3730811562300875,0.37096680762324047,0.3683021491050223,0.3780049817528819,0.38069860395064586,0.3780049817528819,0.37904767421653246,0.38148062329838384,0.3826970978393095,0.39040143659850546,0.38915599837803394,0.38759195968255805,0.3812199501824712,0.3777732723165151,0.37441348548919656,0.3759485605051266,0.3724439552800788,0.3783815095869779,0.382610206800672,0.3811330591438336,0.38927185309621737,0.3948908069281121,0.39529629844175407,0.3955280078781208,0.3985981579099809,0.39839541215315993,0.3963679545849505,0.3908358917916932,0.3888953252621213,0.3801772577188206,0.3792504199733534,0.3715171175346116,0.36862074958002666,0.36488443491861206,0.3573249145571453,0.35382030933209757
53,Tulare County,6107,188322,194100,201800,201800,206600,213100,219100,233200,233200,240100,247496,253693,259758,267043,273258,279998,285764,291748,298077,304448,313897,322884,330451,337107,342838,344633,346607,350192,354527,358470,368627,373171,379568,388743,398226,407970,414921,422140,429283,436987,442953,446709,449625,452259,454858,456794,458991,462072,464279,465751,468680,477176,477884,479468,52083,3.6158055411554635,3.726743851160647,3.874584797342703,3.874584797342703,3.966745387170478,4.09154618589559,4.206746923180308,4.477468655799397,4.477468655799397,4.609949503676823,4.75195361250312,4.8709367739953535,4.987385519267323,5.127258414453853,5.24658717815794,5.375996006374441,5.486703914905055,5.601597450223681,5.723115027936179,5.845439010809669,6.02686097191022,6.199412476239848,6.344699806078759,6.472495823973273,6.582531728203061,6.616995948774072,6.6548969913407445,6.723729431868364,6.8069619645565735,6.882668049075514,7.077683697175662,7.164929055545955,7.2877522416143465,7.463913369045562,7.645988134324059,7.833074131674443,7.966534185818789,8.105139872895187,8.242286350632645,8.390204097306222,8.504752030412995,8.576867691953229,8.632855250273602,8.683428373941593,8.733329493308757,8.77050093120596,8.812683601175047,8.87183917977075,8.914213850968647,8.942476431849164,8.998713591766988
54,Tuolumne County,6109,22169,23100,24200,24200,24900,26000,26500,30800,30800,32900,34214,35249,36261,37253,38062,39744,41586,43338,45030,46875,48837,50105,50543,51442,51877,51564,52173,52338,53029,53764,54658,55253,55850,56513,56602,56788,56680,56339,56320,55845,55164,54808,54201,53975,53830,53599,53729,53953,54250,54290,54515,55131,54587,54204,24482,0.90552242463851,0.9435503635323912,0.9884813332244098,0.9884813332244098,1.0170737684829672,1.0620047381749858,1.0824279062168123,1.2580671513765216,1.2580671513765216,1.3438444571521935,1.3975165427661138,1.439792500612695,1.4811289927293523,1.5216485581243362,1.5546932440160117,1.6233967813087167,1.698635732374806,1.7701985131933666,1.839310513846908,1.9146720039212484,1.9948125153173761,2.0466056694714485,2.0644963646760885,2.101217220815293,2.118985377011682,2.1062004738174984,2.1310758924924436,2.137815537946246,2.1660403561800505,2.1960624132015356,2.232579037660322,2.2568826076300956,2.281267870272037,2.3083489910954986,2.311984315006944,2.3195817335185036,2.315170329221469,2.301241728616943,2.3004656482313535,2.2810636385916183,2.2532472837186504,2.2387059880728697,2.2139122620700924,2.2046809901151865,2.198758271383057,2.189322767747733,2.194632791438608,2.2037823707213464,2.2159137325381915,2.2175475859815377,2.2267380116003594
55,Ventura County,6111,378497,395700,419500,419500,433900,448900,460500,494100,494100,512200,532894,546393,562144,575587,588792,602820,615415,632069,650848,664688,670132,675485,684004,690066,698901,703990,710920,722156,732143,745063,756506,766689,779489,788070,793994,794197,798183,800027,806353,815130,825144,829908,833287,837729,842113,845599,846921,848264,847222,844203,841387,839471,832871,829590,23771,15.92263682638509,16.646333768036683,17.647553741954482,17.647553741954482,18.253333894240882,18.88435488620588,19.372344453325482,20.78583147532708,20.78583147532708,21.54726347229818,22.41782003281309,22.98569685751546,23.64831096714484,24.213831980143873,24.769340793403728,25.359471625089395,25.88931891800934,26.589920491355013,27.37991670522906,27.9621387404821,28.191157292499263,28.416347650498505,28.774725505868496,29.029742122754616,29.401413487022,29.61549787556266,29.90702957385049,30.379706364898407,30.799840141348703,31.34335955576122,31.824744436498253,32.25312355391023,32.791594800387024,33.15258087585714,33.40179209961718,33.41033191704177,33.57801522863994,33.6555887425855,33.92171132893021,34.290942745361995,34.71221235959783,34.912624626645915,35.05477262210256,35.24163897185646,35.42606537377477,35.57271465230743,35.628328635732615,35.68482604854655,35.640991123638045,35.513987631988556,35.395523957763665
56,Yolo County,6113,91788,95300,97700,97700,99900,102200,101400,111100,111100,109600,113792,115239,117748,119395,120863,123769,125161,128522,133306,138249,141991,143853,144364,144980,145796,147399,149077,151496,153293,155573,169835,175337,180327,182954,185237,186269,189615,194339,197154,199791,201061,201931,204558,206267,208368,211998,215569,218470,220082,220019,219728,213141,222018,220544,11017,8.331487700825996,8.650267767994917,8.868112916401925,8.868112916401925,9.067804302441681,9.276572569665063,9.203957520196061,10.084414995007716,10.084414995007716,9.948261777253336,10.32876463647091,10.460107107197967,10.687846056095125,10.837342289189435,10.970590904965054,11.234365072161205,11.360715258237269,11.665789234818916,12.100027230643551,12.54869746755015,12.888354361441408,13.057365889080511,13.103748751928837,13.159662340019969,13.233729690478352,13.379232095851865,13.531542162113098,13.751111917944995,13.91422347281474,14.121176363801398,15.415721158210038,15.915131160933104,16.368067531996005,16.606517200689844,16.81374239811201,16.90741581192702,17.211128256331126,17.639920123445584,17.895434328764637,18.134791685576836,18.250068076608876,18.329036942906416,18.567486611600255,18.72261051102841,18.91331578469638,19.242806571661976,19.566941998729238,19.830262321866208,19.976581646546247,19.970863211400562,19.944449487156213
57,Yuba County,6115,44736,45300,44900,44900,45200,45400,47300,48300,48300,48900,49807,50014,51173,51720,52405,53326,53781,54774,55839,57005,58642,59375,60655,61290,61695,61012,60842,60154,59953,59607,60372,61249,62100,62733,63742,66285,69272,70761,71773,71607,72345,72480,72770,73082,73527,74039,74920,76575,77418,78549,80160,83227,84353,85722,6930,6.4554112554112555,6.536796536796537,6.479076479076479,6.479076479076479,6.522366522366522,6.551226551226551,6.825396825396825,6.96969696969697,6.96969696969697,7.0562770562770565,7.187157287157287,7.217027417027417,7.384271284271284,7.463203463203463,7.562049062049062,7.694949494949495,7.760606060606061,7.903896103896104,8.057575757575757,8.225829725829726,8.462049062049061,8.567821067821068,8.752525252525253,8.844155844155845,8.902597402597403,8.804040404040403,8.77950937950938,8.68023088023088,8.651226551226552,8.6012987012987,8.711688311688311,8.838239538239538,8.96103896103896,9.052380952380952,9.197979797979798,9.564935064935066,9.995959595959595,10.210822510822512,10.356854256854257,10.332900432900432,10.43939393939394,10.458874458874458,10.5007215007215,10.545743145743145,10.60995670995671,10.683838383838383,10.81096681096681,11.04978354978355,11.17142857142857,11.334632034632035,11.567099567099566
